agnt_id,agnt_nm,agnt_regn_cd,agnt_icn
000001,최예진,02,avat0.jpg
000002,강현우,02,avat6.jpg
000003,이도현,03,avat2.jpg
000004,이지우,03,avat6.jpg
000005,박지우,01,avat0.jpg
000006,조민수,03,avat7.jpg
000007,장서연,01,avat0.jpg
000008,조현우,01,avat9.jpg
000009,최하준,02,avat2.jpg
000010,최예진,02,avat0.jpg
000011,임지훈,03,avat0.jpg
000012,윤민수,01,avat8.jpg
000013,정지훈,02,avat2.jpg
000014,정도현,03,avat9.jpg
000015,김민수,01,avat4.jpg
000016,정도현,01,avat2.jpg
000017,장지우,02,avat4.jpg
000018,정민수,02,avat5.jpg
000019,강도현,01,avat1.jpg
000020,윤서연,03,avat3.jpg
000021,조수빈,01,avat8.jpg
000022,장민수,01,avat6.jpg
000023,최유진,02,avat8.jpg
000024,김하준,01,avat1.jpg
000025,최유진,01,avat9.jpg
000026,강현우,02,avat5.jpg
000027,정하준,02,avat1.jpg
000028,정현우,03,avat1.jpg
000029,장지우,01,avat1.jpg
000030,임유진,02,avat9.jpg
000031,박현우,03,avat0.jpg
000032,조수빈,03,avat9.jpg
000033,최유진,03,avat8.jpg
000034,이서연,03,avat3.jpg
000035,이지우,02,avat4.jpg
000036,김현우,03,avat2.jpg
000037,김하준,02,avat1.jpg
000038,조민수,03,avat9.jpg
000039,강수빈,02,avat4.jpg
000040,강지우,03,avat2.jpg
000041,최수빈,01,avat9.jpg
000042,임현우,02,avat7.jpg
000043,이지훈,01,avat0.jpg
000044,임민수,02,avat5.jpg
000045,윤지훈,01,avat0.jpg
000046,김서연,03,avat2.jpg
000047,정지훈,03,avat2.jpg
000048,김유진,02,avat2.jpg
000049,박하준,03,avat1.jpg
000050,강지우,01,avat8.jpg
000051,조도현,01,avat0.jpg
000052,강현우,03,avat4.jpg
000053,임지우,03,avat0.jpg
000054,박지우,01,avat7.jpg
000055,임민수,02,avat0.jpg
000056,최지우,01,avat9.jpg
000057,조수빈,02,avat4.jpg
000058,최지훈,03,avat8.jpg
000059,이지훈,03,avat5.jpg
000060,정현우,03,avat4.jpg
000061,김수빈,02,avat7.jpg
000062,정예진,01,avat3.jpg
000063,정수빈,03,avat7.jpg
000064,정현우,03,avat3.jpg
000065,강예진,02,avat7.jpg
000066,박지우,03,avat8.jpg
000067,김도현,01,avat2.jpg
000068,최수빈,02,avat3.jpg
000069,박수빈,02,avat2.jpg
000070,장유진,03,avat3.jpg
000071,임민수,03,avat2.jpg
000072,장현우,03,avat7.jpg
000073,박하준,02,avat8.jpg
000074,김하준,01,avat8.jpg
000075,박민수,01,avat3.jpg
000076,정서연,03,avat6.jpg
000077,이유진,01,avat8.jpg
000078,박서연,01,avat4.jpg
000079,임유진,03,avat9.jpg
000080,이수빈,03,avat1.jpg
000081,임하준,03,avat8.jpg
000082,김지우,02,avat7.jpg
000083,이유진,02,avat6.jpg
000084,이예진,02,avat0.jpg
000085,최하준,03,avat8.jpg
000086,최유진,02,avat1.jpg
000087,김지훈,03,avat2.jpg
000088,정수빈,03,avat5.jpg
000089,윤도현,01,avat2.jpg
000090,김지우,03,avat3.jpg
000091,윤수빈,01,avat0.jpg
000092,윤서연,01,avat6.jpg
000093,김서연,03,avat3.jpg
000094,정하준,02,avat5.jpg
000095,강지우,02,avat5.jpg
000096,윤도현,02,avat3.jpg
000097,장유진,03,avat0.jpg
000098,강유진,01,avat9.jpg
000099,임수빈,03,avat8.jpg
000100,이하준,03,avat6.jpg
000101,조민수,02,avat9.jpg
000102,윤서연,03,avat3.jpg
000103,박하준,03,avat0.jpg
000104,정지우,01,avat3.jpg
000105,김지우,02,avat6.jpg
000106,김도현,01,avat7.jpg
000107,박수빈,01,avat2.jpg
000108,장지우,01,avat4.jpg
000109,박유진,02,avat5.jpg
000110,김현우,03,avat1.jpg
000111,강유진,03,avat8.jpg
000112,박지우,02,avat3.jpg
000113,임하준,03,avat8.jpg
000114,박민수,03,avat1.jpg
000115,정지훈,03,avat7.jpg
000116,김하준,02,avat7.jpg
000117,조예진,01,avat1.jpg
000118,최민수,01,avat7.jpg
000119,강현우,03,avat7.jpg
000120,박지훈,03,avat0.jpg
000121,조지우,03,avat7.jpg
000122,강수빈,02,avat7.jpg
000123,이하준,01,avat8.jpg
000124,장유진,01,avat2.jpg
000125,정하준,03,avat0.jpg
000126,최하준,01,avat8.jpg
000127,이지훈,03,avat5.jpg
000128,정유진,01,avat6.jpg
000129,김민수,03,avat9.jpg
000130,장하준,02,avat2.jpg
000131,윤하준,03,avat8.jpg
000132,최수빈,03,avat8.jpg
000133,장유진,03,avat4.jpg
000134,임지훈,02,avat8.jpg
000135,윤예진,02,avat6.jpg
000136,박민수,02,avat6.jpg
000137,강지훈,01,avat4.jpg
000138,이도현,02,avat8.jpg
000139,이수빈,03,avat3.jpg
000140,조지우,03,avat8.jpg
000141,임유진,03,avat5.jpg
000142,임하준,03,avat5.jpg
000143,최수빈,02,avat3.jpg
000144,박수빈,02,avat8.jpg
000145,윤현우,02,avat0.jpg
000146,최민수,01,avat2.jpg
000147,조현우,02,avat6.jpg
000148,장하준,01,avat1.jpg
000149,임지우,02,avat9.jpg
000150,윤유진,01,avat9.jpg
000151,임지우,03,avat8.jpg
000152,이민수,02,avat5.jpg
000153,윤현우,01,avat6.jpg
000154,김지훈,02,avat7.jpg
000155,조서연,02,avat8.jpg
000156,김예진,03,avat8.jpg
000157,이민수,01,avat7.jpg
000158,박지우,02,avat5.jpg
000159,장서연,02,avat4.jpg
000160,윤수빈,01,avat6.jpg
000161,조하준,03,avat6.jpg
000162,최현우,01,avat7.jpg
000163,강지우,01,avat7.jpg
000164,최도현,02,avat7.jpg
000165,박예진,01,avat0.jpg
000166,박현우,02,avat2.jpg
000167,임수빈,02,avat1.jpg
000168,임유진,01,avat4.jpg
000169,최도현,02,avat8.jpg
000170,윤현우,02,avat3.jpg
000171,장수빈,02,avat9.jpg
000172,최서연,02,avat6.jpg
000173,박유진,02,avat5.jpg
000174,박서연,02,avat9.jpg
000175,박민수,02,avat4.jpg
000176,정지우,03,avat6.jpg
000177,조수빈,02,avat3.jpg
000178,박유진,03,avat0.jpg
000179,정수빈,01,avat9.jpg
000180,윤수빈,01,avat9.jpg
000181,강현우,03,avat7.jpg
000182,임서연,01,avat9.jpg
000183,최민수,01,avat6.jpg
000184,윤유진,02,avat5.jpg
000185,최현우,03,avat2.jpg
000186,조도현,02,avat8.jpg
000187,강현우,01,avat0.jpg
000188,최수빈,01,avat6.jpg
000189,강예진,02,avat7.jpg
000190,강예진,03,avat3.jpg
000191,김유진,02,avat0.jpg
000192,박민수,01,avat0.jpg
000193,최수빈,03,avat2.jpg
000194,박예진,03,avat3.jpg
000195,조현우,01,avat2.jpg
000196,이예진,01,avat2.jpg
000197,조수빈,03,avat2.jpg
000198,장예진,02,avat8.jpg
000199,장지훈,01,avat6.jpg
000200,김지훈,03,avat2.jpg
000201,임하준,01,avat1.jpg
000202,정지우,02,avat5.jpg
000203,이유진,01,avat5.jpg
000204,박서연,03,avat4.jpg
000205,정현우,02,avat8.jpg
000206,조수빈,02,avat7.jpg
000207,임도현,01,avat7.jpg
000208,최하준,03,avat3.jpg
000209,박수빈,02,avat0.jpg
000210,장민수,01,avat4.jpg
000211,김하준,02,avat3.jpg
000212,박도현,01,avat7.jpg
000213,박지우,01,avat4.jpg
000214,정서연,02,avat9.jpg
000215,정서연,02,avat4.jpg
000216,강지우,03,avat6.jpg
000217,정예진,02,avat2.jpg
000218,정도현,01,avat9.jpg
000219,강현우,03,avat1.jpg
000220,장지우,01,avat2.jpg
000221,장민수,01,avat4.jpg
000222,조유진,03,avat4.jpg
000223,강민수,03,avat1.jpg
000224,강유진,01,avat1.jpg
000225,임하준,01,avat2.jpg
000226,박수빈,01,avat9.jpg
000227,임수빈,03,avat0.jpg
000228,조도현,03,avat4.jpg
000229,박민수,03,avat0.jpg
000230,정지훈,03,avat9.jpg
000231,임지훈,01,avat3.jpg
000232,강서연,02,avat3.jpg
000233,임도현,03,avat3.jpg
000234,이지우,01,avat5.jpg
000235,윤지훈,03,avat1.jpg
000236,조현우,03,avat0.jpg
000237,김지훈,02,avat5.jpg
000238,임유진,03,avat6.jpg
000239,이민수,02,avat4.jpg
000240,장서연,02,avat9.jpg
000241,최민수,01,avat3.jpg
000242,정유진,03,avat9.jpg
000243,조수빈,01,avat1.jpg
000244,윤도현,01,avat9.jpg
000245,이수빈,03,avat7.jpg
000246,정예진,02,avat9.jpg
000247,최유진,02,avat3.jpg
000248,강현우,03,avat4.jpg
000249,임지훈,03,avat6.jpg
000250,강현우,03,avat9.jpg
000251,최도현,02,avat6.jpg
000252,임현우,02,avat0.jpg
000253,임수빈,02,avat8.jpg
000254,정현우,01,avat3.jpg
000255,장수빈,01,avat2.jpg
000256,정현우,01,avat7.jpg
000257,윤하준,02,avat4.jpg
000258,이예진,01,avat5.jpg
000259,정수빈,03,avat6.jpg
000260,장유진,03,avat4.jpg
000261,정현우,03,avat5.jpg
000262,강예진,03,avat0.jpg
000263,강서연,03,avat9.jpg
000264,정현우,01,avat9.jpg
000265,최지훈,03,avat1.jpg
000266,최지훈,01,avat0.jpg
000267,최수빈,01,avat4.jpg
000268,박지훈,02,avat6.jpg
000269,이민수,03,avat9.jpg
000270,박지훈,01,avat6.jpg
000271,윤서연,03,avat4.jpg
000272,윤민수,03,avat8.jpg
000273,정서연,02,avat3.jpg
000274,박지훈,02,avat1.jpg
000275,장현우,03,avat2.jpg
000276,조서연,01,avat4.jpg
000277,임지우,02,avat7.jpg
000278,강수빈,01,avat8.jpg
000279,최도현,02,avat6.jpg
000280,이민수,02,avat9.jpg
000281,강지훈,02,avat7.jpg
000282,정서연,02,avat4.jpg
000283,임수빈,03,avat4.jpg
000284,최현우,03,avat3.jpg
000285,조민수,01,avat8.jpg
000286,윤지우,02,avat1.jpg
000287,장수빈,01,avat8.jpg
000288,윤지우,01,avat8.jpg
000289,임지훈,02,avat9.jpg
000290,정현우,02,avat8.jpg
000291,강지우,01,avat6.jpg
000292,임수빈,02,avat2.jpg
000293,윤지우,02,avat2.jpg
000294,임지훈,03,avat3.jpg
000295,장현우,02,avat6.jpg
000296,조유진,01,avat3.jpg
000297,김도현,01,avat1.jpg
000298,윤서연,02,avat0.jpg
000299,정현우,02,avat8.jpg
000300,강서연,02,avat1.jpg
000301,강민수,01,avat0.jpg
000302,정지훈,03,avat6.jpg
000303,정도현,03,avat5.jpg
000304,최서연,02,avat4.jpg
000305,박현우,01,avat2.jpg
000306,강민수,02,avat8.jpg
000307,강현우,02,avat3.jpg
000308,최예진,03,avat4.jpg
000309,임도현,03,avat3.jpg
000310,임민수,02,avat8.jpg
000311,윤지우,03,avat1.jpg
000312,박지훈,02,avat6.jpg
000313,김수빈,02,avat6.jpg
000314,윤민수,01,avat1.jpg
000315,정서연,01,avat2.jpg
000316,이수빈,03,avat3.jpg
000317,강지훈,01,avat8.jpg
000318,강도현,01,avat1.jpg
000319,임현우,03,avat6.jpg
000320,박하준,01,avat7.jpg
000321,윤서연,01,avat3.jpg
000322,정지훈,01,avat2.jpg
000323,윤수빈,02,avat1.jpg
000324,윤현우,03,avat7.jpg
000325,조현우,03,avat9.jpg
000326,김수빈,01,avat8.jpg
000327,정유진,02,avat7.jpg
000328,이유진,03,avat5.jpg
000329,조지훈,02,avat9.jpg
000330,최유진,02,avat6.jpg
000331,임수빈,02,avat3.jpg
000332,김서연,01,avat4.jpg
000333,최현우,01,avat6.jpg
000334,김예진,01,avat2.jpg
000335,최서연,01,avat1.jpg
000336,장지우,03,avat3.jpg
000337,정민수,01,avat7.jpg
000338,박민수,03,avat1.jpg
000339,박도현,02,avat4.jpg
000340,강지우,02,avat6.jpg
000341,정하준,03,avat9.jpg
000342,정유진,02,avat7.jpg
000343,조예진,03,avat3.jpg
000344,조지우,03,avat8.jpg
000345,김도현,02,avat6.jpg
000346,조도현,01,avat4.jpg
000347,조민수,01,avat6.jpg
000348,이서연,02,avat2.jpg
000349,박현우,01,avat1.jpg
000350,조수빈,01,avat2.jpg
000351,김도현,02,avat8.jpg
000352,최수빈,03,avat2.jpg
000353,박하준,03,avat3.jpg
000354,김서연,03,avat5.jpg
000355,김지우,01,avat3.jpg
000356,정유진,03,avat7.jpg
000357,임예진,01,avat8.jpg
000358,장하준,01,avat7.jpg
000359,장도현,03,avat6.jpg
000360,김서연,01,avat5.jpg
000361,김하준,03,avat2.jpg
000362,장현우,03,avat7.jpg
000363,박지훈,02,avat4.jpg
000364,이도현,01,avat4.jpg
000365,최지우,02,avat9.jpg
000366,조하준,03,avat2.jpg
000367,최현우,02,avat3.jpg
000368,최서연,03,avat7.jpg
000369,김지우,01,avat5.jpg
000370,임도현,02,avat9.jpg
000371,임수빈,03,avat3.jpg
000372,강예진,01,avat2.jpg
000373,장서연,01,avat1.jpg
000374,강하준,03,avat4.jpg
000375,이예진,01,avat8.jpg
000376,박민수,01,avat2.jpg
000377,강유진,01,avat5.jpg
000378,김하준,02,avat8.jpg
000379,김유진,03,avat7.jpg
000380,이유진,02,avat1.jpg
000381,김수빈,01,avat6.jpg
000382,이유진,01,avat3.jpg
000383,최수빈,02,avat1.jpg
000384,윤하준,01,avat1.jpg
000385,최도현,02,avat0.jpg
000386,이수빈,01,avat7.jpg
000387,최민수,03,avat2.jpg
000388,임지훈,02,avat6.jpg
000389,임예진,01,avat3.jpg
000390,조지훈,03,avat2.jpg
000391,조현우,02,avat8.jpg
000392,최서연,03,avat9.jpg
000393,박유진,01,avat4.jpg
000394,조하준,03,avat4.jpg
000395,정민수,03,avat9.jpg
000396,윤서연,01,avat3.jpg
000397,이지훈,03,avat6.jpg
000398,정유진,01,avat8.jpg
000399,장지훈,03,avat9.jpg
000400,장지훈,01,avat9.jpg
000401,정수빈,02,avat9.jpg
000402,이수빈,03,avat4.jpg
000403,강도현,02,avat7.jpg
000404,조민수,01,avat2.jpg
000405,김하준,01,avat9.jpg
000406,정서연,02,avat9.jpg
000407,임예진,03,avat1.jpg
000408,최민수,02,avat7.jpg
000409,조도현,03,avat7.jpg
000410,김지훈,03,avat4.jpg
000411,이민수,01,avat2.jpg
000412,장하준,02,avat8.jpg
000413,정서연,01,avat2.jpg
000414,김예진,03,avat5.jpg
000415,김지우,03,avat8.jpg
000416,조현우,03,avat4.jpg
000417,조도현,03,avat4.jpg
000418,강현우,01,avat9.jpg
000419,최하준,02,avat3.jpg
000420,장하준,01,avat6.jpg
000421,최서연,02,avat9.jpg
000422,최지우,03,avat7.jpg
000423,장예진,03,avat7.jpg
000424,장지훈,02,avat9.jpg
000425,강예진,03,avat5.jpg
000426,강지우,02,avat6.jpg
000427,박도현,03,avat1.jpg
000428,최도현,01,avat2.jpg
000429,장하준,02,avat3.jpg
000430,윤현우,01,avat5.jpg
000431,윤예진,01,avat4.jpg
000432,조민수,01,avat2.jpg
000433,정유진,01,avat3.jpg
000434,박도현,03,avat6.jpg
000435,김민수,02,avat1.jpg
000436,임서연,02,avat2.jpg
000437,이현우,02,avat3.jpg
000438,조유진,02,avat5.jpg
000439,박서연,01,avat9.jpg
000440,윤민수,01,avat8.jpg
000441,정지우,02,avat2.jpg
000442,조유진,02,avat1.jpg
000443,이현우,02,avat6.jpg
000444,장민수,02,avat4.jpg
000445,최수빈,03,avat9.jpg
000446,김지훈,03,avat3.jpg
000447,김지우,01,avat7.jpg
000448,이민수,01,avat4.jpg
000449,강지우,02,avat9.jpg
000450,조지훈,03,avat4.jpg
000451,임예진,03,avat5.jpg
000452,최하준,01,avat9.jpg
000453,이유진,02,avat3.jpg
000454,장수빈,03,avat3.jpg
000455,장지우,01,avat0.jpg
000456,최서연,02,avat5.jpg
000457,이하준,02,avat7.jpg
000458,정수빈,02,avat6.jpg
000459,박수빈,02,avat9.jpg
000460,박민수,02,avat4.jpg
000461,조도현,01,avat0.jpg
000462,윤예진,03,avat5.jpg
000463,임유진,02,avat4.jpg
000464,김하준,01,avat3.jpg
000465,강유진,03,avat4.jpg
000466,윤지우,03,avat3.jpg
000467,김유진,01,avat0.jpg
000468,장현우,01,avat2.jpg
000469,윤수빈,02,avat4.jpg
000470,강수빈,01,avat3.jpg
000471,윤수빈,02,avat9.jpg
000472,장민수,02,avat8.jpg
000473,장유진,03,avat8.jpg
000474,강민수,01,avat9.jpg
000475,조예진,01,avat9.jpg
000476,장수빈,01,avat0.jpg
000477,이도현,02,avat0.jpg
000478,이도현,03,avat4.jpg
000479,정민수,03,avat9.jpg
000480,김하준,01,avat2.jpg
000481,최수빈,03,avat9.jpg
000482,최예진,03,avat5.jpg
000483,박현우,01,avat7.jpg
000484,장현우,02,avat1.jpg
000485,정서연,01,avat0.jpg
000486,윤서연,03,avat8.jpg
000487,강하준,03,avat5.jpg
000488,강하준,03,avat3.jpg
000489,정유진,02,avat1.jpg
000490,윤하준,02,avat1.jpg
000491,임현우,01,avat9.jpg
000492,조예진,02,avat6.jpg
000493,김도현,01,avat6.jpg
000494,이현우,01,avat5.jpg
000495,임예진,02,avat8.jpg
000496,최유진,01,avat2.jpg
000497,박수빈,01,avat7.jpg
000498,임예진,02,avat5.jpg
000499,임현우,03,avat6.jpg
000500,김수빈,01,avat4.jpg
000501,정수빈,01,avat3.jpg
000502,윤지훈,03,avat3.jpg
000503,윤하준,01,avat0.jpg
000504,이유진,01,avat6.jpg
000505,장하준,02,avat1.jpg
000506,이하준,02,avat9.jpg
000507,이현우,02,avat2.jpg
000508,조민수,03,avat8.jpg
000509,최하준,02,avat2.jpg
000510,김유진,03,avat1.jpg
000511,조현우,02,avat0.jpg
000512,김유진,03,avat2.jpg
000513,최도현,03,avat7.jpg
000514,윤예진,03,avat9.jpg
000515,조예진,02,avat5.jpg
000516,조수빈,02,avat7.jpg
000517,박예진,03,avat8.jpg
000518,이도현,02,avat1.jpg
000519,조유진,01,avat5.jpg
000520,이민수,01,avat6.jpg
000521,최도현,03,avat6.jpg
000522,윤민수,03,avat2.jpg
000523,임민수,01,avat5.jpg
000524,최수빈,01,avat5.jpg
000525,조민수,02,avat5.jpg
000526,정유진,02,avat4.jpg
000527,장하준,01,avat4.jpg
000528,김민수,01,avat8.jpg
000529,임유진,03,avat5.jpg
000530,임지우,01,avat9.jpg
000531,윤수빈,02,avat6.jpg
000532,정수빈,02,avat1.jpg
000533,최현우,01,avat1.jpg
000534,정지우,02,avat4.jpg
000535,장서연,02,avat5.jpg
000536,장유진,03,avat4.jpg
000537,이수빈,02,avat0.jpg
000538,최지우,03,avat1.jpg
000539,박하준,03,avat7.jpg
000540,이지우,02,avat3.jpg
000541,임서연,03,avat8.jpg
000542,조예진,03,avat7.jpg
000543,박수빈,03,avat2.jpg
000544,윤하준,03,avat8.jpg
000545,박수빈,03,avat5.jpg
000546,조현우,03,avat8.jpg
000547,강서연,02,avat3.jpg
000548,이도현,03,avat7.jpg
000549,장도현,03,avat1.jpg
000550,김수빈,01,avat1.jpg
000551,이수빈,02,avat0.jpg
000552,김유진,02,avat9.jpg
000553,이예진,03,avat3.jpg
000554,박지우,01,avat6.jpg
000555,조도현,01,avat8.jpg
000556,장민수,03,avat7.jpg
000557,김하준,02,avat3.jpg
000558,윤수빈,02,avat9.jpg
000559,윤현우,01,avat2.jpg
000560,임도현,03,avat0.jpg
000561,정도현,02,avat0.jpg
000562,장서연,01,avat1.jpg
000563,최현우,02,avat3.jpg
000564,정하준,03,avat2.jpg
000565,임현우,02,avat6.jpg
000566,임유진,01,avat5.jpg
000567,임유진,01,avat5.jpg
000568,정민수,03,avat4.jpg
000569,강지훈,01,avat4.jpg
000570,장하준,03,avat9.jpg
000571,임지훈,02,avat5.jpg
000572,강현우,03,avat9.jpg
000573,이현우,02,avat1.jpg
000574,박하준,01,avat2.jpg
000575,김민수,02,avat6.jpg
000576,정서연,03,avat0.jpg
000577,조지훈,01,avat2.jpg
000578,장현우,01,avat1.jpg
000579,최현우,01,avat8.jpg
000580,윤지우,03,avat9.jpg
000581,이도현,02,avat1.jpg
000582,김예진,01,avat4.jpg
000583,김지우,01,avat3.jpg
000584,김서연,01,avat1.jpg
000585,김도현,03,avat3.jpg
000586,장유진,03,avat2.jpg
000587,장민수,01,avat8.jpg
000588,정현우,01,avat8.jpg
000589,조현우,03,avat0.jpg
000590,최지훈,03,avat8.jpg
000591,박예진,03,avat7.jpg
000592,정현우,02,avat1.jpg
000593,이지훈,01,avat8.jpg
000594,최도현,03,avat5.jpg
000595,정하준,01,avat0.jpg
000596,윤지훈,03,avat4.jpg
000597,박민수,01,avat3.jpg
000598,장현우,02,avat2.jpg
000599,이하준,02,avat4.jpg
000600,장현우,02,avat1.jpg
000601,장수빈,03,avat0.jpg
000602,장지훈,03,avat3.jpg
000603,장수빈,02,avat1.jpg
000604,김지우,01,avat3.jpg
000605,이지훈,02,avat2.jpg
000606,강도현,02,avat0.jpg
000607,최현우,02,avat9.jpg
000608,조도현,02,avat0.jpg
000609,박현우,02,avat1.jpg
000610,김지우,01,avat3.jpg
000611,강서연,03,avat1.jpg
000612,최지우,02,avat4.jpg
000613,박유진,01,avat5.jpg
000614,조민수,02,avat0.jpg
000615,박도현,02,avat2.jpg
000616,정지우,02,avat9.jpg
000617,김수빈,01,avat1.jpg
000618,이서연,02,avat5.jpg
000619,강하준,01,avat3.jpg
000620,최서연,02,avat9.jpg
000621,강유진,02,avat5.jpg
000622,김지우,02,avat6.jpg
000623,최예진,02,avat8.jpg
000624,강서연,02,avat2.jpg
000625,윤예진,02,avat2.jpg
000626,윤예진,02,avat6.jpg
000627,장민수,02,avat7.jpg
000628,임지우,02,avat2.jpg
000629,임예진,01,avat6.jpg
000630,임유진,02,avat2.jpg
000631,최서연,03,avat7.jpg
000632,이민수,01,avat2.jpg
000633,최서연,01,avat7.jpg
000634,장예진,03,avat3.jpg
000635,조예진,02,avat1.jpg
000636,강유진,02,avat7.jpg
000637,임유진,02,avat8.jpg
000638,조도현,02,avat3.jpg
000639,정예진,02,avat9.jpg
000640,김유진,01,avat8.jpg
000641,조유진,01,avat8.jpg
000642,강서연,01,avat8.jpg
000643,강도현,03,avat2.jpg
000644,이수빈,01,avat7.jpg
000645,임도현,02,avat5.jpg
000646,박현우,03,avat5.jpg
000647,조지훈,03,avat5.jpg
000648,이예진,01,avat0.jpg
000649,최예진,01,avat9.jpg
000650,장민수,01,avat9.jpg
000651,박서연,02,avat1.jpg
000652,조서연,02,avat3.jpg
000653,박지훈,03,avat1.jpg
000654,박도현,01,avat8.jpg
000655,박하준,01,avat8.jpg
000656,강도현,03,avat1.jpg
000657,임예진,03,avat6.jpg
000658,김현우,02,avat4.jpg
000659,박수빈,02,avat8.jpg
000660,김민수,02,avat0.jpg
000661,윤지훈,03,avat0.jpg
000662,김민수,02,avat8.jpg
000663,정지우,01,avat3.jpg
000664,정수빈,01,avat6.jpg
000665,임지우,02,avat5.jpg
000666,박수빈,02,avat6.jpg
000667,정현우,03,avat4.jpg
000668,이지우,03,avat3.jpg
000669,이민수,02,avat2.jpg
000670,조예진,02,avat2.jpg
000671,강도현,02,avat2.jpg
000672,김수빈,02,avat4.jpg
000673,임예진,03,avat7.jpg
000674,박지우,01,avat4.jpg
000675,박민수,01,avat9.jpg
000676,최유진,02,avat1.jpg
000677,이하준,01,avat9.jpg
000678,장지훈,01,avat4.jpg
000679,강민수,01,avat4.jpg
000680,조수빈,01,avat2.jpg
000681,이민수,01,avat6.jpg
000682,임유진,02,avat6.jpg
000683,강지우,02,avat6.jpg
000684,이예진,01,avat2.jpg
000685,임하준,02,avat2.jpg
000686,강예진,02,avat2.jpg
000687,윤지우,01,avat9.jpg
000688,조예진,03,avat2.jpg
000689,조서연,03,avat0.jpg
000690,강지우,02,avat6.jpg
000691,정수빈,02,avat1.jpg
000692,강서연,02,avat8.jpg
000693,박지우,03,avat0.jpg
000694,조유진,03,avat8.jpg
000695,강유진,02,avat5.jpg
000696,조현우,02,avat1.jpg
000697,박수빈,03,avat0.jpg
000698,이민수,03,avat0.jpg
000699,임지훈,01,avat6.jpg
000700,김수빈,02,avat1.jpg
000701,정수빈,03,avat7.jpg
000702,정유진,01,avat0.jpg
000703,정지우,01,avat8.jpg
000704,김예진,01,avat8.jpg
000705,박서연,02,avat1.jpg
000706,장예진,01,avat2.jpg
000707,이서연,02,avat4.jpg
000708,정현우,01,avat3.jpg
000709,윤서연,01,avat8.jpg
000710,김도현,03,avat9.jpg
000711,정수빈,01,avat6.jpg
000712,윤도현,02,avat0.jpg
000713,장하준,03,avat9.jpg
000714,최지우,03,avat1.jpg
000715,강민수,01,avat9.jpg
000716,이유진,01,avat1.jpg
000717,조서연,01,avat6.jpg
000718,조도현,01,avat7.jpg
000719,조지우,02,avat0.jpg
000720,장지훈,01,avat9.jpg
000721,임수빈,02,avat8.jpg
000722,이현우,02,avat0.jpg
000723,박유진,03,avat9.jpg
000724,최예진,03,avat3.jpg
000725,정지우,02,avat2.jpg
000726,장지우,03,avat8.jpg
000727,박현우,03,avat7.jpg
000728,조수빈,03,avat5.jpg
000729,박유진,03,avat9.jpg
000730,임수빈,03,avat7.jpg
000731,강유진,02,avat6.jpg
000732,윤지훈,01,avat4.jpg
000733,이서연,02,avat0.jpg
000734,이예진,02,avat1.jpg
000735,조지훈,01,avat5.jpg
000736,윤현우,01,avat3.jpg
000737,김유진,03,avat8.jpg
000738,조민수,02,avat4.jpg
000739,이서연,03,avat8.jpg
000740,김서연,02,avat7.jpg
000741,이유진,01,avat8.jpg
000742,강수빈,02,avat1.jpg
000743,장유진,01,avat3.jpg
000744,장민수,01,avat9.jpg
000745,정지우,03,avat5.jpg
000746,윤하준,01,avat0.jpg
000747,정민수,03,avat0.jpg
000748,정도현,02,avat3.jpg
000749,조민수,03,avat5.jpg
000750,이민수,03,avat6.jpg
000751,장예진,02,avat9.jpg
000752,강현우,03,avat5.jpg
000753,조유진,01,avat4.jpg
000754,이서연,01,avat7.jpg
000755,조유진,02,avat1.jpg
000756,정유진,01,avat5.jpg
000757,박민수,02,avat9.jpg
000758,윤서연,01,avat4.jpg
000759,김지훈,02,avat9.jpg
000760,장현우,03,avat0.jpg
000761,장유진,02,avat8.jpg
000762,조지훈,02,avat5.jpg
000763,장수빈,01,avat3.jpg
000764,이예진,02,avat4.jpg
000765,이예진,03,avat1.jpg
000766,임지훈,03,avat1.jpg
000767,최하준,03,avat3.jpg
000768,강현우,02,avat4.jpg
000769,장하준,03,avat5.jpg
000770,김민수,01,avat9.jpg
000771,이지우,01,avat9.jpg
000772,이하준,01,avat6.jpg
000773,박서연,02,avat2.jpg
000774,장도현,03,avat2.jpg
000775,김지우,02,avat9.jpg
000776,정하준,01,avat5.jpg
000777,박민수,02,avat6.jpg
000778,장하준,01,avat2.jpg
000779,최현우,02,avat4.jpg
000780,장하준,02,avat4.jpg
000781,임수빈,03,avat3.jpg
000782,장지훈,03,avat0.jpg
000783,최서연,03,avat4.jpg
000784,박지우,03,avat9.jpg
000785,이지훈,03,avat3.jpg
000786,강현우,02,avat2.jpg
000787,조서연,03,avat2.jpg
000788,장지우,02,avat3.jpg
000789,윤현우,03,avat9.jpg
000790,장도현,02,avat0.jpg
000791,최서연,03,avat3.jpg
000792,강유진,01,avat3.jpg
000793,윤지우,01,avat2.jpg
000794,강유진,02,avat2.jpg
000795,정수빈,02,avat4.jpg
000796,장민수,03,avat1.jpg
000797,임예진,03,avat1.jpg
000798,임지훈,02,avat3.jpg
000799,정예진,03,avat5.jpg
000800,강현우,02,avat6.jpg
000801,강지우,01,avat5.jpg
000802,최지훈,02,avat3.jpg
000803,장수빈,01,avat5.jpg
000804,박지우,02,avat1.jpg
000805,강유진,02,avat1.jpg
000806,윤민수,02,avat5.jpg
000807,강예진,02,avat5.jpg
000808,박유진,03,avat8.jpg
000809,강예진,02,avat4.jpg
000810,조예진,02,avat3.jpg
000811,정서연,01,avat6.jpg
000812,정유진,01,avat0.jpg
000813,장지우,02,avat7.jpg
000814,윤현우,03,avat1.jpg
000815,최민수,02,avat5.jpg
000816,이현우,01,avat4.jpg
000817,최서연,01,avat8.jpg
000818,장민수,03,avat6.jpg
000819,조하준,01,avat5.jpg
000820,윤지우,03,avat9.jpg
000821,임지훈,03,avat1.jpg
000822,최서연,02,avat8.jpg
000823,장하준,02,avat7.jpg
000824,강유진,02,avat3.jpg
000825,정하준,01,avat1.jpg
000826,조도현,02,avat9.jpg
000827,임민수,03,avat2.jpg
000828,박현우,01,avat4.jpg
000829,장유진,03,avat3.jpg
000830,이지우,01,avat1.jpg
000831,김지훈,02,avat8.jpg
000832,조하준,01,avat6.jpg
000833,박민수,03,avat2.jpg
000834,정지우,02,avat9.jpg
000835,이지우,01,avat6.jpg
000836,박도현,02,avat3.jpg
000837,최지우,01,avat0.jpg
000838,조수빈,01,avat0.jpg
000839,임민수,03,avat5.jpg
000840,장현우,01,avat3.jpg
000841,강현우,01,avat9.jpg
000842,장수빈,02,avat6.jpg
000843,이지훈,03,avat8.jpg
000844,박민수,03,avat6.jpg
000845,임민수,02,avat1.jpg
000846,최지훈,01,avat6.jpg
000847,윤수빈,02,avat2.jpg
000848,윤유진,02,avat8.jpg
000849,임도현,01,avat9.jpg
000850,김서연,03,avat1.jpg
000851,윤하준,02,avat6.jpg
000852,이서연,01,avat8.jpg
000853,강유진,02,avat6.jpg
000854,정서연,03,avat0.jpg
000855,이도현,02,avat3.jpg
000856,장예진,03,avat3.jpg
000857,윤지훈,02,avat1.jpg
000858,강현우,01,avat5.jpg
000859,강지훈,01,avat6.jpg
000860,조예진,02,avat6.jpg
000861,이하준,02,avat2.jpg
000862,강서연,03,avat6.jpg
000863,김지우,01,avat2.jpg
000864,정유진,02,avat8.jpg
000865,이하준,02,avat0.jpg
000866,윤서연,01,avat6.jpg
000867,강도현,01,avat0.jpg
000868,최민수,03,avat7.jpg
000869,조서연,03,avat3.jpg
000870,임도현,02,avat7.jpg
000871,김예진,02,avat1.jpg
000872,윤지우,02,avat4.jpg
000873,장지우,02,avat6.jpg
000874,윤지우,02,avat1.jpg
000875,이하준,01,avat2.jpg
000876,김현우,01,avat2.jpg
000877,이수빈,01,avat2.jpg
000878,이민수,02,avat0.jpg
000879,정지우,01,avat5.jpg
000880,최예진,02,avat3.jpg
000881,임예진,03,avat6.jpg
000882,강수빈,03,avat8.jpg
000883,강유진,02,avat8.jpg
000884,최지훈,01,avat3.jpg
000885,최지훈,01,avat4.jpg
000886,임도현,02,avat2.jpg
000887,정도현,02,avat9.jpg
000888,조하준,03,avat0.jpg
000889,조지우,02,avat5.jpg
000890,임현우,03,avat1.jpg
000891,장지훈,02,avat6.jpg
000892,조지훈,01,avat2.jpg
000893,정민수,03,avat7.jpg
000894,박서연,03,avat8.jpg
000895,임지훈,02,avat2.jpg
000896,이하준,01,avat9.jpg
000897,장하준,02,avat6.jpg
000898,임수빈,02,avat1.jpg
000899,정예진,03,avat5.jpg
000900,강민수,03,avat5.jpg
000901,임하준,03,avat2.jpg
000902,장도현,01,avat8.jpg
000903,정하준,03,avat2.jpg
000904,윤현우,03,avat7.jpg
000905,조지우,02,avat4.jpg
000906,임하준,03,avat2.jpg
000907,장유진,03,avat6.jpg
000908,정지우,01,avat0.jpg
000909,조지우,03,avat3.jpg
000910,임예진,01,avat6.jpg
000911,박예진,01,avat1.jpg
000912,강도현,01,avat2.jpg
000913,강현우,03,avat4.jpg
000914,조지우,01,avat4.jpg
000915,김수빈,02,avat6.jpg
000916,최지훈,02,avat2.jpg
000917,정지우,03,avat6.jpg
000918,조하준,03,avat0.jpg
000919,조지우,01,avat8.jpg
000920,임현우,01,avat9.jpg
000921,장서연,02,avat6.jpg
000922,조지우,02,avat0.jpg
000923,임서연,03,avat9.jpg
000924,이서연,03,avat6.jpg
000925,정서연,03,avat7.jpg
000926,최하준,02,avat7.jpg
000927,임유진,02,avat8.jpg
000928,임예진,02,avat8.jpg
000929,조예진,02,avat3.jpg
000930,강예진,02,avat3.jpg
000931,강도현,02,avat3.jpg
000932,최유진,03,avat7.jpg
000933,강지훈,02,avat8.jpg
000934,윤하준,01,avat9.jpg
000935,박유진,01,avat1.jpg
000936,정수빈,03,avat7.jpg
000937,강예진,01,avat6.jpg
000938,정도현,01,avat4.jpg
000939,정지훈,03,avat6.jpg
000940,이지우,01,avat3.jpg
000941,김수빈,02,avat3.jpg
000942,임유진,02,avat8.jpg
000943,정지우,01,avat3.jpg
000944,조도현,03,avat1.jpg
000945,정도현,02,avat5.jpg
000946,최하준,03,avat0.jpg
000947,정수빈,01,avat3.jpg
000948,장수빈,01,avat0.jpg
000949,최수빈,02,avat9.jpg
000950,박유진,03,avat1.jpg
000951,임현우,01,avat0.jpg
000952,박예진,01,avat9.jpg
000953,임유진,02,avat4.jpg
000954,임도현,01,avat2.jpg
000955,조유진,01,avat3.jpg
000956,박민수,01,avat1.jpg
000957,박예진,02,avat4.jpg
000958,박하준,02,avat1.jpg
000959,윤현우,02,avat1.jpg
000960,조민수,03,avat2.jpg
000961,박예진,01,avat7.jpg
000962,윤유진,03,avat6.jpg
000963,강지우,01,avat3.jpg
000964,정현우,02,avat9.jpg
000965,박지훈,03,avat2.jpg
000966,강현우,02,avat6.jpg
000967,윤현우,02,avat8.jpg
000968,이유진,02,avat4.jpg
000969,최민수,03,avat1.jpg
000970,정수빈,02,avat3.jpg
000971,장수빈,03,avat7.jpg
000972,정지우,02,avat5.jpg
000973,정현우,03,avat6.jpg
000974,장지훈,01,avat6.jpg
000975,강민수,03,avat5.jpg
000976,임지우,03,avat6.jpg
000977,김예진,03,avat0.jpg
000978,강하준,01,avat5.jpg
000979,윤도현,03,avat2.jpg
000980,장도현,02,avat6.jpg
000981,조유진,02,avat9.jpg
000982,정서연,03,avat6.jpg
000983,조지훈,02,avat6.jpg
000984,윤지훈,03,avat2.jpg
000985,조지우,02,avat5.jpg
000986,최민수,02,avat3.jpg
000987,이지우,02,avat2.jpg
000988,조서연,03,avat3.jpg
000989,이도현,02,avat0.jpg
000990,강도현,03,avat2.jpg
000991,박수빈,02,avat4.jpg
000992,장예진,03,avat6.jpg
000993,최수빈,01,avat2.jpg
000994,임유진,01,avat5.jpg
000995,박하준,03,avat5.jpg
000996,임예진,03,avat3.jpg
000997,최수빈,02,avat1.jpg
000998,임지훈,01,avat0.jpg
000999,강유진,01,avat7.jpg
001000,김지훈,01,avat5.jpg
